metric,value
inception,2023-11-30
initial_capital,170635.08
cash,84994.75
securities_market_value,181465.80
nav,266460.55
total_income_to_date,16243.44
total_realized_gains,72027.94
total_return_incl_income,0.561581
num_positions,22
cash_weight,0.318977
minimum_cash,-75066.11
minimum_cash_date,2024-08-14
peak_margin_borrowing_pct_of_initial_capital,0.439922
region_International,0.352625
region_US,0.328398
sector_Energy,0.274486
sector_Commodity/Energy,0.195417
sector_Financials,0.053670
sector_Shipping,0.052552
sector_Volatility,0.044502
sector_Agriculture,0.024082
sector_Country Equity,0.018397
sector_Technology,0.017917
region_Cash,0.318977
