date,ticker,action,quantity,price,fees,cash_flow,shares_delta
2023-11-29,CRESY,Buy,400,8.9900,0.00,-3596.00,400
2023-12-12,BTE,Buy,1000,3.0500,0.00,-3050.00,1000
2023-12-12,FRHLF,Buy,400,9.3500,0.00,-3740.00,400
2023-12-12,VET,Buy,300,10.9300,0.00,-3279.00,300
2023-12-12,VRN,Buy,500,6.3500,0.00,-3175.00,500
2024-04-05,GDX,Buy,400,33.8400,0.00,-13536.00,400
2024-04-09,BTU,Buy,200,23.3200,0.00,-4664.00,200
2024-04-09,CNR,Buy,60,82.0000,0.00,-4920.00,60
2024-04-12,GDX,Buy,400,34.1000,0.00,-13640.00,400
2024-04-15,PXJ,Buy,500,32.0000,0.00,-16000.00,500
2024-04-16,CRLFF,Buy,800,5.0100,0.00,-4008.00,800
2024-04-16,GDX,Buy,200,32.7000,0.00,-6540.00,200
2024-12-30,DVN,Buy,200,32.0700,0.00,-6414.00,200
2024-12-30,NOG,Buy,150,36.6500,0.00,-5497.50,150
2024-12-30,PBR,Buy,700,12.7868,0.00,-8950.76,700
2025-01-07,OVV,Buy,70,42.1500,0.00,-2950.50,70
2025-02-21,BTE,Buy,700,2.4200,0.00,-1694.00,700
2025-02-21,HSY,Buy,30,173.2500,0.00,-5197.50,30
2025-02-21,NEM,Buy,100,45.7900,0.00,-4579.00,100
2025-02-21,VRN,Buy,400,5.0000,0.00,-2000.00,400
2025-04-03,BTE,Sell,1700,2.0050,0.00,3408.50,-1700
2025-04-03,BTU,Sell,200,12.0550,0.00,2411.00,-200
2025-04-03,CNR,Sell,60,67.8000,0.00,4068.00,-60
2025-04-03,DVN,Sell,200,33.5000,0.00,6700.00,-200
2025-04-03,PXJ,Sell,500,23.3577,0.00,11678.85,-500
2025-04-03,VET,Sell,300,7.3800,0.00,2214.00,-300
2025-04-03,VRN,Sell,900,6.2950,0.00,5665.50,-900
2025-04-04,EWZ,Buy,500,24.5000,0.00,-12250.00,500
2025-04-04,GLNCY,Buy,1000,6.0700,0.00,-6070.00,1000
2025-04-04,GOOG,Buy,50,147.9750,0.00,-7398.75,50
2025-04-04,NU,Buy,600,9.5400,0.00,-5724.00,600
2025-04-04,SMHB,Buy,2000,3.9900,0.00,-7980.00,2000
2025-04-04,SVIX,Buy,300,12.5695,0.00,-3770.85,300
2025-04-04,SVIX,Buy,300,12.5750,0.00,-3772.50,300
2025-04-04,SVIX,Buy,600,13.3350,0.00,-8001.00,600
2025-04-04,SVXY,Buy,300,37.4700,0.00,-11241.00,300
2025-04-04,XLC,Buy,140,87.3199,0.00,-12224.79,140
2025-04-07,SMHB,Buy,2000,3.6500,0.00,-7300.00,2000
2025-04-07,SVIX,Buy,500,11.1800,0.00,-5590.00,500
2025-04-08,SVIX,Buy,500,10.2500,0.00,-5125.00,500
2025-04-09,EWZ,Sell,500,24.1302,0.00,12065.10,-500
2025-04-09,FRHLF,Sell,400,7.8200,0.00,3128.00,-400
2025-04-09,GLNCY,Sell,1000,6.3100,0.00,6310.00,-1000
2025-04-09,GOOG,Sell,50,155.2380,0.00,7761.90,-50
2025-04-09,HSY,Sell,30,162.2000,0.00,4866.00,-30
2025-04-09,NU,Sell,600,10.2900,0.00,6174.00,-600
2025-04-09,SMHB,Sell,4000,3.5070,0.00,14028.00,-4000
2025-04-09,XLC,Sell,140,90.2600,0.00,12636.40,-140
2025-04-22,GDX,Sell,800,51.4500,0.00,41160.00,-800
2025-04-22,NEM,Sell,100,55.6300,0.00,5563.00,-100
2025-05-02,GDX,Sell,200,47.0600,0.00,9412.00,-200
2025-05-02,SDS,Buy,700,19.9299,0.00,-13950.93,700
2025-05-12,BG,Buy,100,79.0000,0.00,-7900.00,100
2025-05-12,GMBXF,Buy,1200,5.3000,0.00,-6360.00,1200
2025-05-12,KWEB,Buy,270,34.6898,0.00,-9366.25,270
2025-05-12,PSI,Buy,170,52.9500,0.00,-9001.50,170
2025-05-12,SDS,Sell,700,19.1850,0.00,13429.50,-700
2025-05-12,SVIX,Sell,2200,14.4100,0.00,31702.00,-2200
2025-05-12,SVXY,Sell,300,40.4650,0.00,12139.50,-300
2025-05-12,TGT,Buy,60,99.6499,0.00,-5978.99,60
2025-05-21,LTPZ,Buy,700,50.2493,0.00,-35174.51,700
2025-05-21,SDS,Buy,1500,18.6750,0.00,-28012.50,1500
2025-05-21,TGT,Sell,60,93.2500,0.00,5595.00,-60
2025-06-12,USO,Buy,100,74.9680,0.00,-7496.80,100
2025-06-13,GUSH,Buy,700,25.5500,0.00,-17885.00,700
2025-06-13,KWEB,Sell,270,34.0708,0.00,9199.12,-270
2025-06-13,PSI,Sell,170,55.2600,0.00,9394.20,-170
2025-06-13,SDS,Buy,700,18.0684,0.00,-12647.88,700
2025-06-13,SDS,Buy,800,17.9990,0.00,-14399.20,800
2025-06-13,UCO,Buy,1000,26.2500,0.00,-26250.00,1000
2025-06-13,USO,Buy,100,80.8500,0.00,-8085.00,100
2025-06-13,XOP,Buy,100,132.0900,0.00,-13209.00,100
2025-07-03,SDS,Sell,3000,16.3003,0.00,48900.90,-3000
2026-02-26,BG,Sell,100,118.9000,0.00,11890.00,-100
2026-02-26,GMBXF,Sell,1200,12.1000,0.00,14520.00,-1200
2026-02-27,SDS,Buy,250,68.4450,0.00,-17111.25,250
2026-03-02,BNO,Buy,1200,36.8288,0.00,-44194.56,1200
2026-03-02,EQNR,Buy,200,31.8850,0.00,-6377.00,200
2026-03-02,NOG,Buy,70,27.8900,0.00,-1952.30,70
2026-03-02,SDS,Buy,150,68.1700,0.00,-10225.50,150
2026-03-02,UCO,Sell,1000,27.1500,0.00,27150.00,-1000
2026-03-02,USO,Sell,200,85.9435,0.00,17188.70,-200
2026-03-02,YPF,Buy,250,35.5100,0.00,-8877.50,250
2026-03-04,AKRVF,Buy,170,30.8500,0.00,-5244.50,170
2026-03-04,GUSH,Sell,200,34.3500,0.00,6870.00,-200
2026-03-04,VARRY,Buy,700,7.8400,0.00,-5488.00,700
2026-03-04,VLERF,Buy,600,8.2800,0.00,-4968.00,600
2026-03-06,BNO,Sell,600,44.3650,0.00,26619.00,-600
2026-03-06,CRLFF,Sell,800,7.5680,0.00,6054.40,-800
2026-03-06,GUSH,Sell,500,36.1000,0.00,18050.00,-500
2026-03-06,OVV,Sell,70,52.9280,0.00,3704.96,-70
2026-03-09,BNO,Buy,200,42.1550,0.00,-8431.00,200
2026-03-09,BNO,Sell,200,47.2400,0.00,9448.00,-200
2026-03-09,SDS,Buy,100,71.4299,0.00,-7142.99,100
2026-03-09,USL,Buy,200,43.1000,0.00,-8620.00,200
2026-03-09,USL,Buy,400,45.2700,0.00,-18108.00,400
2026-03-09,XOP,Sell,100,164.1500,0.00,16415.00,-100
2026-03-10,BNO,Buy,200,39.7600,0.00,-7952.00,200
2026-03-10,SDS,Buy,100,69.0850,0.00,-6908.50,100
2026-03-10,USL,Buy,200,42.5000,0.00,-8500.00,200
2026-03-13,BNO,Sell,600,48.1600,0.00,28896.00,-600
2026-03-13,LTPZ,Sell,700,51.4300,0.00,36001.00,-700
2026-03-13,SKF,Buy,400,31.8100,0.00,-12724.00,400
2026-03-17,SDS,Buy,200,71.6400,0.00,-14328.00,200
2026-03-18,UNG,Buy,1000,12.7700,0.00,-12770.00,1000
2026-03-19,AR,Buy,120,44.1400,0.00,-5296.80,120
2026-03-19,BNO,Buy,300,49.8960,0.00,-14968.80,300
2026-03-19,EQT,Buy,80,66.9700,0.00,-5357.60,80
2026-03-19,EXE,Buy,50,111.0400,0.00,-5552.00,50
2026-03-19,UNG,Buy,1500,12.8400,0.00,-19260.00,1500
2026-03-20,SCO,Buy,2000,8.0000,0.00,-16000.00,2000
2026-03-20,SCO,Sell,2000,7.8500,0.00,15700.00,-2000
2026-03-20,UCO,Buy,500,43.3500,0.00,-21675.00,500
2026-03-20,UNG,Sell,2500,12.2515,0.00,30628.75,-2500
2026-03-23,UCO,Buy,250,38.6799,0.00,-9669.98,250
2026-03-27,BNO,Sell,100,52.0000,0.00,5200.00,-100
2026-03-27,SDS,Sell,400,79.1814,0.00,31672.56,-400
2026-03-27,SKF,Sell,200,32.4000,0.00,6480.00,-200
2026-03-27,UCO,Sell,750,42.1675,0.00,31625.62,-750
2026-03-27,USL,Sell,400,49.8500,0.00,19940.00,-400
2026-03-31,SDS,Buy,200,76.0450,0.00,-15209.00,200
2026-04-01,SDS,Buy,200,73.3750,0.00,-14675.00,200
2026-04-01,XOP,Buy,140,174.1850,0.00,-24385.90,140
2026-04-01,YPF,Buy,50,44.0500,0.00,-2202.50,50
2026-04-08,AKRVF,Buy,80,33.4000,0.00,-2672.00,80
2026-04-08,AR,Sell,120,37.8080,0.00,4536.96,-120
2026-04-08,BNO,Buy,400,45.6900,0.00,-18276.00,400
2026-04-08,EQNR,Buy,100,39.0050,0.00,-3900.50,100
2026-04-08,EQT,Sell,80,59.0150,0.00,4721.20,-80
2026-04-08,EXE,Sell,50,98.0000,0.00,4900.00,-50
2026-04-08,SDS,Buy,200,70.0650,0.00,-14013.00,200
2026-04-08,VIXY,Buy,200,30.8900,0.00,-6178.00,200
2026-04-08,VIXY,Buy,100,30.9000,0.00,-3090.00,100
2026-04-08,VLERF,Buy,300,9.2800,0.00,-2784.00,300
2026-04-08,XOP,Buy,110,169.5750,0.00,-18653.25,110
2026-04-09,VIXY,Buy,300,30.4400,0.00,-9132.00,300
2026-04-09,VIXY,Buy,300,29.6050,0.00,-8881.50,300
2026-04-09,XES,Buy,100,118.4000,0.00,-11840.00,100
2026-04-13,SDS,Sell,200,67.6801,0.00,13536.02,-200
2026-04-13,VIXY,Buy,300,28.4000,0.00,-8520.00,300
2026-04-14,BNO,Buy,100,47.4000,0.00,-4740.00,100
2026-04-14,CRESY,Sell,400,11.6901,0.00,4676.04,-400
2026-04-14,SKF,Sell,200,28.0100,0.00,5602.00,-200
2026-04-14,USL,Buy,300,49.2000,0.00,-14760.00,300
2026-04-14,XOP,Sell,200,163.6400,0.00,32728.00,-200
2026-04-15,SDS,Sell,600,65.1500,0.00,39090.00,-600
2026-04-17,BNO,Buy,300,43.5050,0.00,-13051.50,300
2026-04-17,XOP,Sell,50,155.4150,0.00,7770.75,-50
2026-04-24,SDS,Sell,200,60.5504,0.00,12110.08,-200
2026-04-29,BAK,Buy,1500,3.5050,0.00,-5257.50,1500
2026-04-29,BNO,Sell,300,58.5450,0.00,17563.50,-300
2026-04-29,NOG,Sell,220,27.7301,0.00,6100.62,-220
2026-04-29,PBF,Buy,120,43.7300,0.00,-5247.60,120
2026-04-29,REPYY,Buy,200,25.7165,0.00,-5143.30,200
2026-04-29,VIST,Buy,70,75.0000,0.00,-5250.00,70
2026-04-29,WDS,Buy,250,23.9100,0.00,-5977.50,250
2026-04-30,VIXY,Buy,300,27.2050,0.00,-8161.50,300
2026-05-05,BNO,Sell,500,57.4000,0.00,28700.00,-500
2026-05-07,BNO,Buy,250,51.0699,0.00,-12767.47,250
2026-05-13,BNO,Sell,250,56.0050,0.34,14000.91,-250
2026-05-13,GMBXF,Buy,800,12.5000,4.95,-10004.95,800
2026-05-26,VIXY,Sell,400,24.6200,0.29,9847.71,-400
2026-05-27,BNO,Buy,100,51.3000,0.00,-5130.00,100
2026-05-28,BNO,Buy,150,51.1800,0.00,-7677.00,150
2026-05-28,BNO,Buy,100,50.1000,0.00,-5010.00,100
2026-05-28,XES,Sell,100,121.2400,0.27,12123.73,-100
2026-05-29,VIXY,Sell,400,23.1350,0.28,9253.72,-400
2026-06-17,BNO,Buy,250,43.5500,0.00,-10887.50,250
2026-06-17,EQNR,Sell,150,33.6800,0.14,5051.86,-150
2026-06-17,VARRY,Sell,75,10.8000,4.98,805.02,-75
2026-06-17,VLERF,Sell,500,7.9210,5.14,3955.36,-500
2026-06-17,WDS,Sell,150,20.0500,0.08,3007.42,-150
2026-06-17,YPF,Sell,100,50.7600,0.13,5075.87,-100
2026-07-07,BNO,Buy,200,42.1750,0.00,-8435.00,200
2026-07-07,USL,Sell,50,46.6500,0.06,2332.44,-50
2026-07-07,USL,Sell,50,46.6100,0.06,2330.44,-50
2026-07-07,USL,Sell,200,46.7000,0.24,9339.76,-200
2026-07-07,USL,Sell,300,46.6200,0.35,13985.65,-300
2026-08-10,EQNR,Buy,70,41.1190,0.00,-2878.33,70
2026-08-10,GMBXF,Sell,462,13.0900,5.17,6042.41,-462
2026-08-10,GMBXF,Sell,338,13.1200,5.12,4429.44,-338
2026-08-10,PBF,Buy,50,66.1950,0.00,-3309.75,50
2026-08-10,UCO,Buy,150,40.9450,0.00,-6141.75,150
2026-08-10,USL,Sell,100,50.4700,0.13,5046.87,-100
2026-08-10,VIST,Buy,50,68.7440,0.02,-3437.22,50
2026-08-10,XOP,Buy,40,175.7050,-0.00,-7028.20,40
2026-08-10,XOP,Buy,100,176.0850,0.00,-17608.50,100
